quantile_window,entry_quantile,min_trade_size,threshold_mult,max_hold_bars,stop_loss_mult,take_profit_mult,n_trades,total_pnl,sharpe
29,0.8,0.01,0.1,29,2.0,4.0,33,5.620499844987602,0.0008648533524466273
29,0.9,0.01,0.1,29,2.0,4.0,26,-53.354917809919996,-0.003710062047945818
50,0.8,0.01,0.1,29,2.0,4.0,37,-70.43139763155946,-0.005190315266465567
50,0.9,0.01,0.1,29,2.0,4.0,29,31.789486742408606,0.002913998646347942
