{"total_pnl":528.5002856147007,"_runtime":28,"pnl_25%":0,"_wandb":{"runtime":28},"_step":0,"pnl_std":19.436715753609445,"pnl_75%":0,"pnl_count":275,"pnl_mean":1.9218192204170934,"pnl_min":0,"_timestamp":1.7525747009300532e+09,"pnl_50%":0,"pnl_max":256.0588942700442}